INSERT INTO `UserType` (`id`, `name`) VALUES ('1', 'Администратор'), ('2', 'Учитель'), ('3', 'Ученик');

INSERT INTO `Users` (`id`, `first_name`, `last_name`, `login`, `password`, `user_type`) VALUES (NULL, 'Валентина', 'Краснова', 'admin', '123', '1'), (NULL, 'Наталья', 'Жукова', 'teacher', '123', '2'), (NULL, 'Виктор', 'Комаров', 'student', '123', '3');

INSERT INTO `Courses` (`id`, `name`) VALUES ('1', 'Математика'), ('2', 'Русский язык'), ('3', 'Литература'), ('4', 'Английский язык'), ('5', 'История'), ('6', 'География'), ('7', 'Биология'), ('8', 'Химия'), ('9', 'Физика');

INSERT INTO `Days` (`id`, `name`) VALUES ('1', 'Понедельник'), ('2', 'Вторник'), ('3', 'Среда'), ('4', 'Четверг'), ('5', 'Пятница');

INSERT INTO `Groupss` (`id`, `name`) VALUES ('1', '1'), ('2', '2'), ('3', '3'), ('4', '4'), ('5', '5'), ('6', '6'), ('7', '7'), ('8', '8'), ('9', '9'), ('10', '10'), ('11', '11');

INSERT INTO `StudentGroups` (`id`, `group_id`, `student_id`) VALUES ('1', '5', '3');

INSERT INTO `Shedules` (`id`, `course_id`, `day_id`, `schedule_time`, `group_id`) VALUES ('1', '1', '1', '8:30', '5'), ('2', '2', '1', '9:20', '5'), ('3', '7', '2', '8:30', '5'), ('4', '8', '2', '9:20', '5'), ('5', '1', '3', '8:30', '5'), ('6', '9', '3', '9:20', '5'), ('7', '7', '4', '8:30', '5'), ('8', '5', '4', '9:20', '5'), ('9', '9', '5', '8:30', '5'), ('10', '1', '5', '9:20', '5'), ('11', '2', '1', '10:10', '5'), ('12', '9', '2', '10:10', '5');

INSERT INTO `Ratings` (`id`, `student_id`, `course_id`, `rating`) VALUES ('1', '3', '4', '3'), ('2', '3', '1', '5'), ('3', '3', '7', '3'), ('4', '3', '6', '5'), ('5', '3', '5', '4'), ('6', '3', '3', '5'), ('7', '3', '9', '3'), ('8', '3', '8', '4'), ('9', '3', '2', '4'), ('10', '3', '4', '2'), ('11', '3', '1', '5'), ('12', '3', '7', '4'), ('13', '3', '6', '3');

INSERT INTO `Events` (`id`, `image`, `title`, `description`) VALUES (NULL, 'https://gazeta-chertanovo-juzhnoe.ru/wp-content/uploads/2022/12/file6junnt0vfupqjl1yl-scaled.jpg', 'Конкурс \"Талантливые перышки\"', 'На данном событии ученики могут продемонстрировать свои литературные таланты, представив свои собственные произведения. Участникам предоставляется возможность читать свои тексты перед аудиторией или представить их в виде драматического спектакля или поэтического флешмоба.'), (NULL, 'https://www.riakchr.ru/upload/iblock/d20/d202e7aa674a03aba276313fe20060fe.jpg', 'Спортивный турнир \"Звезды площадки\"', 'Это соревнование проводится среди команд различных классов. Участники могут показать свои спортивные навыки в футболе, баскетболе, волейболе и других командных видах спорта. Турнир способствует развитию спортивных навыков, укреплению дружеских отношений между учениками и созданию командной солидарности.'), (NULL, 'http://lic-zheldor.ru/d/2012-09-29__09.jpg', 'Встреча с выпускниками \"Путь к успеху\"', 'Это мероприятие организуется для учащихся старших классов, чтобы они могли обсудить свои будущие карьерные планы с бывшими выпускниками школы. Выпускники, уже имеющие опыт работы или учебы за пределами школы, делятся своими историями успеха, советами по выбору профессии и предлагают помощь в ориентации на рынке труда.'), (NULL, 'https://fondserova.ru/wp-content/uploads/2019/07/d2f9a5_40fe5118216d44b9b9c7ade490c80d15.jpg', 'Выставка \"Творческое многообразие\"', 'Это событие представляет возможность учащимся продемонстрировать свои художественные способности и исследовательские навыки. Участники выставки представляют свои работы в различных видах искусства, таких как живопись, скульптура, фотография, дизайн, графика. Это способствует развитию творческого мышления и помогает ученикам найти свою индивидуальность в сфере искусства.'), (NULL, 'https://bimcbali.com/wp-content/uploads/2018/07/Keep-Kids-Fit-and-Healthy-This-Summer.jpg', 'День здоровья \"Здоровое будущее\"', 'Это событие организуется с целью пропаганды здорового образа жизни среди учащихся. В этот день проводятся специальные мероприятия, такие как зарядка, спортивные игры, мастер-классы по правильному питанию и гигиене. Также проводятся лекции и презентации о важности здорового образа жизни и профилактике различных заболеваний.');

